Country,Year,Region,Happiness Rank,Happiness Score,Economy (GDP per Capita),Family,Health (Life Expectancy),Freedom,Trust (Government Corruption),Generosity
Afghanistan,2015,Southern Asia,153,3.575,0.32,0.303,0.303,0.234,0.097,0.365
Afghanistan,2016,Southern Asia,154,3.36,0.382,0.11,0.173,0.164,0.071,0.313
Afghanistan,2017,Southern Asia,141,3.794,0.401,0.582,0.181,0.106,0.312,0.061
Afghanistan,2018,Southern Asia,145,3.632,0.332,0.537,0.255,0.085,0.191,0.036
Afghanistan,2019,Southern Asia,154,3.203,0.35,0.517,0.361,0,0.158,0.025
Albania,2015,Central and Eastern Europe,95,4.959,0.879,0.804,0.813,0.357,0.064,0.143
Albania,2016,Central and Eastern Europe,109,4.655,0.955,0.502,0.73,0.319,0.053,0.168
Albania,2017,Central and Eastern Europe,109,4.644,0.996,0.804,0.731,0.381,0.201,0.04
Albania,2018,Central and Eastern Europe,112,4.586,0.916,0.817,0.79,0.419,0.149,0.032
Albania,2019,Central and Eastern Europe,107,4.719,0.947,0.848,0.874,0.383,0.178,0.027
Algeria,2015,Middle East and Northern Africa,68,5.605,0.939,1.078,0.618,0.286,0.174,0.078
Algeria,2016,Middle East and Northern Africa,38,6.355,1.053,0.833,0.618,0.21,0.162,0.07
Algeria,2017,Middle East and Northern Africa,53,5.872,1.092,1.146,0.618,0.233,0.069,0.146
Algeria,2018,Middle East and Northern Africa,84,5.295,0.979,1.154,0.687,0.077,0.055,0.135
Algeria,2019,Middle East and Northern Africa,88,5.211,1.002,1.16,0.785,0.086,0.073,0.114
Angola,2015,Sub-Saharan Africa,137,4.033,0.758,0.86,0.167,0.104,0.071,0.123
Angola,2016,Sub-Saharan Africa,141,3.866,0.847,0.664,0.05,0.006,0.084,0.121
Angola,2017,Sub-Saharan Africa,140,3.795,0.858,1.104,0.05,0,0.098,0.07
Angola,2018,Sub-Saharan Africa,142,3.795,0.73,1.125,0.269,0,0.079,0.061
Angola,2019,Sub-Saharan Africa,N/A,N/A,N/A,N/A,N/A,N/A,N/A,N/A
Argentina,2015,Latin America and Caribbean,30,6.574,1.054,1.248,0.787,0.45,0.085,0.115
Argentina,2016,Latin America and Caribbean,26,6.65,1.151,1.066,0.697,0.423,0.073,0.11
Argentina,2017,Latin America and Caribbean,24,6.599,1.185,1.44,0.695,0.495,0.109,0.06
Argentina,2018,Latin America and Caribbean,29,6.388,1.073,1.468,0.744,0.57,0.062,0.054
Argentina,2019,Latin America and Caribbean,47,6.086,1.092,1.432,0.881,0.471,0.066,0.05
Armenia,2015,Central and Eastern Europe,127,4.35,0.768,0.777,0.73,0.198,0.039,0.079
Armenia,2016,Central and Eastern Europe,121,4.36,0.861,0.625,0.641,0.14,0.036,0.078
Armenia,2017,Central and Eastern Europe,121,4.376,0.901,1.007,0.638,0.198,0.083,0.027
Armenia,2018,Central and Eastern Europe,129,4.321,0.816,0.99,0.666,0.26,0.077,0.028
Armenia,2019,Central and Eastern Europe,116,4.559,0.85,1.055,0.815,0.283,0.095,0.064
Australia,2015,Australia and New Zealand,10,7.284,1.334,1.309,0.932,0.651,0.356,0.436
Australia,2016,Australia and New Zealand,9,7.313,1.444,1.105,0.851,0.568,0.323,0.474
Australia,2017,Australia and New Zealand,10,7.284,1.484,1.51,0.844,0.602,0.478,0.301
Australia,2018,Australia and New Zealand,10,7.272,1.34,1.573,0.91,0.647,0.361,0.302
Australia,2019,Australia and New Zealand,11,7.228,1.372,1.548,1.036,0.557,0.332,0.29
Austria,2015,Western Europe,13,7.2,1.337,1.297,0.89,0.624,0.187,0.331
Austria,2016,Western Europe,12,7.119,1.45,1.084,0.806,0.544,0.213,0.329
Austria,2017,Western Europe,13,7.006,1.487,1.46,0.815,0.568,0.316,0.221
Austria,2018,Western Europe,12,7.139,1.341,1.504,0.891,0.617,0.242,0.224
Austria,2019,Western Europe,10,7.246,1.376,1.475,1.016,0.532,0.244,0.226
Azerbaijan,2015,Central and Eastern Europe,80,5.212,1.024,0.938,0.64,0.37,0.161,0.078
Azerbaijan,2016,Central and Eastern Europe,81,5.291,1.124,0.76,0.545,0.353,0.179,0.056
Azerbaijan,2017,Central and Eastern Europe,85,5.234,1.154,1.152,0.541,0.398,0.045,0.181
Azerbaijan,2018,Central and Eastern Europe,87,5.201,1.024,1.161,0.603,0.43,0.031,0.176
Azerbaijan,2019,Central and Eastern Europe,90,5.208,1.043,1.147,0.769,0.351,0.035,0.182
Bahrain,2015,Middle East and Northern Africa,49,5.96,1.324,1.216,0.747,0.455,0.306,0.174
Bahrain,2016,Middle East and Northern Africa,42,6.218,1.44,0.944,0.657,0.474,0.258,0.171
Bahrain,2017,Middle East and Northern Africa,41,6.087,1.488,1.323,0.653,0.537,0.173,0.257
Bahrain,2018,Middle East and Northern Africa,43,6.105,1.338,1.366,0.698,0.594,0.243,0.123
Bahrain,2019,Middle East and Northern Africa,37,6.199,1.362,1.368,0.871,0.536,0.255,0.11
Bangladesh,2015,Southern Asia,109,4.694,0.398,0.431,0.602,0.408,0.126,0.212
Bangladesh,2016,Southern Asia,110,4.643,0.542,0.247,0.53,0.398,0.126,0.191
Bangladesh,2017,Southern Asia,110,4.608,0.587,0.735,0.533,0.478,0.172,0.124
Bangladesh,2018,Southern Asia,115,4.5,0.532,0.85,0.579,0.58,0.153,0.144
Bangladesh,2019,Southern Asia,125,4.456,0.562,0.928,0.723,0.527,0.166,0.143
Belarus,2015,Central and Eastern Europe,59,5.813,1.032,1.233,0.736,0.379,0.191,0.11
Belarus,2016,Central and Eastern Europe,61,5.802,1.131,1.05,0.631,0.291,0.175,0.139
Belarus,2017,Central and Eastern Europe,67,5.569,1.157,1.445,0.638,0.295,0.155,0.156
Belarus,2018,Central and Eastern Europe,73,5.483,1.039,1.498,0.7,0.307,0.101,0.154
Belarus,2019,Central and Eastern Europe,81,5.323,1.067,1.465,0.789,0.235,0.094,0.142
Belgium,2015,Western Europe,19,6.937,1.308,1.286,0.897,0.585,0.225,0.223
Belgium,2016,Western Europe,18,6.929,1.425,1.052,0.82,0.514,0.262,0.242
Belgium,2017,Western Europe,17,6.891,1.464,1.462,0.818,0.54,0.232,0.251
Belgium,2018,Western Europe,16,6.927,1.324,1.483,0.894,0.583,0.188,0.24
Belgium,2019,Western Europe,18,6.923,1.356,1.504,0.986,0.473,0.16,0.21
Belize,2015,Latin America and Caribbean,N/A,N/A,N/A,N/A,N/A,N/A,N/A,N/A
Belize,2016,Latin America and Caribbean,52,5.956,0.876,0.687,0.456,0.512,0.108,0.237
Belize,2017,Latin America and Caribbean,50,5.956,0.908,1.081,0.45,0.548,0.24,0.097
Belize,2018,Latin America and Caribbean,49,5.956,0.807,1.101,0.474,0.593,0.183,0.089
Belize,2019,Latin America and Caribbean,N/A,N/A,N/A,N/A,N/A,N/A,N/A,N/A
Benin,2015,Sub-Saharan Africa,155,3.34,0.287,0.354,0.319,0.485,0.08,0.183
Benin,2016,Sub-Saharan Africa,153,3.484,0.395,0.104,0.21,0.397,0.067,0.202
Benin,2017,Sub-Saharan Africa,143,3.657,0.431,0.435,0.21,0.426,0.208,0.061
Benin,2018,Sub-Saharan Africa,136,4.141,0.378,0.372,0.24,0.44,0.163,0.067
Benin,2019,Sub-Saharan Africa,102,4.883,0.393,0.437,0.397,0.349,0.175,0.082
Bhutan,2015,Southern Asia,79,5.253,0.77,1.104,0.574,0.532,0.154,0.48
Bhutan,2016,Southern Asia,84,5.196,0.853,0.908,0.498,0.461,0.162,0.485
Bhutan,2017,Southern Asia,97,5.011,0.885,1.34,0.496,0.502,0.474,0.173
Bhutan,2018,Southern Asia,97,5.082,0.796,1.335,0.527,0.541,0.364,0.171
Bhutan,2019,Southern Asia,95,5.082,0.813,1.321,0.604,0.457,0.37,0.167
Bolivia,2015,Latin America and Caribbean,51,5.89,0.681,0.978,0.539,0.574,0.088,0.205
Bolivia,2016,Latin America and Caribbean,59,5.822,0.794,0.838,0.47,0.51,0.077,0.217
Bolivia,2017,Latin America and Caribbean,58,5.823,0.834,1.228,0.474,0.559,0.226,0.06
Bolivia,2018,Latin America and Caribbean,62,5.752,0.751,1.223,0.508,0.606,0.141,0.054
Bolivia,2019,Latin America and Caribbean,61,5.779,0.776,1.209,0.706,0.511,0.137,0.064
Bosnia and Herzegovina,2015,Central and Eastern Europe,96,4.949,0.832,0.919,0.791,0.092,0.002,0.248
Bosnia and Herzegovina,2016,Central and Eastern Europe,87,5.163,0.934,0.644,0.708,0.095,0,0.299
Bosnia and Herzegovina,2017,Central and Eastern Europe,90,5.182,0.982,1.069,0.705,0.204,0.329,0
Bosnia and Herzegovina,2018,Central and Eastern Europe,93,5.129,0.915,1.078,0.758,0.28,0.216,0
Bosnia and Herzegovina,2019,Central and Eastern Europe,78,5.386,0.945,1.212,0.845,0.212,0.263,0.006
Botswana,2015,Sub-Saharan Africa,128,4.332,0.994,1.105,0.048,0.495,0.125,0.105
Botswana,2016,Sub-Saharan Africa,137,3.974,1.094,0.892,0.348,0.441,0.108,0.124
Botswana,2017,Sub-Saharan Africa,142,3.766,1.122,1.222,0.342,0.505,0.099,0.099
Botswana,2018,Sub-Saharan Africa,146,3.59,1.017,1.174,0.417,0.557,0.042,0.092
Botswana,2019,Sub-Saharan Africa,148,3.488,1.041,1.145,0.538,0.455,0.025,0.1
Brazil,2015,Latin America and Caribbean,16,6.983,0.981,1.233,0.697,0.49,0.175,0.146
Brazil,2016,Latin America and Caribbean,17,6.952,1.088,1.039,0.614,0.404,0.142,0.158
Brazil,2017,Latin America and Caribbean,22,6.635,1.107,1.431,0.617,0.437,0.162,0.111
Brazil,2018,Latin America and Caribbean,28,6.419,0.986,1.474,0.675,0.493,0.11,0.088
Brazil,2019,Latin America and Caribbean,32,6.3,1.004,1.439,0.802,0.39,0.099,0.086
Bulgaria,2015,Central and Eastern Europe,134,4.218,1.012,1.106,0.766,0.306,0.009,0.119
Bulgaria,2016,Central and Eastern Europe,129,4.217,1.113,0.925,0.678,0.212,0.006,0.128
Bulgaria,2017,Central and Eastern Europe,105,4.714,1.161,1.434,0.708,0.289,0.113,0.011
Bulgaria,2018,Central and Eastern Europe,100,4.933,1.054,1.515,0.712,0.359,0.064,0.009
Bulgaria,2019,Central and Eastern Europe,97,5.011,1.092,1.513,0.815,0.311,0.081,0.004
Burkina Faso,2015,Sub-Saharan Africa,152,3.587,0.258,0.852,0.271,0.395,0.128,0.217
Burkina Faso,2016,Sub-Saharan Africa,145,3.739,0.32,0.631,0.213,0.334,0.125,0.244
Burkina Faso,2017,Sub-Saharan Africa,134,4.032,0.35,1.043,0.216,0.324,0.251,0.12
Burkina Faso,2018,Sub-Saharan Africa,121,4.424,0.314,1.097,0.254,0.312,0.175,0.128
Burkina Faso,2019,Sub-Saharan Africa,115,4.587,0.331,1.056,0.38,0.255,0.177,0.113
Burma,2015,Southeastern Asia,129,4.307,0.271,0.709,0.482,0.44,0.19,0.796
Burma,2016,Southeastern Asia,119,4.395,0.341,0.7,0.399,0.427,0.202,0.82
Burma,2017,Southeastern Asia,114,4.545,0.367,1.123,0.398,0.514,0.838,0.189
Burma,2018,Southeastern Asia,130,4.308,0.682,1.174,0.429,0.58,0.598,0.178
Burma,2019,Southeastern Asia,131,4.36,0.71,1.181,0.555,0.525,0.566,0.172
Burundi,2015,Sub-Saharan Africa,157,2.905,0.015,0.416,0.224,0.119,0.101,0.197
Burundi,2016,Sub-Saharan Africa,157,2.905,0.068,0.234,0.157,0.043,0.094,0.203
Burundi,2017,Sub-Saharan Africa,154,2.905,0.092,0.63,0.152,0.06,0.204,0.084
Burundi,2018,Sub-Saharan Africa,156,2.905,0.091,0.627,0.145,0.065,0.149,0.076
Burundi,2019,Sub-Saharan Africa,145,3.775,0.046,0.447,0.38,0.22,0.176,0.18
Cambodia,2015,Southeastern Asia,145,3.819,0.46,0.627,0.611,0.662,0.072,0.404
Cambodia,2016,Southeastern Asia,140,3.907,0.556,0.538,0.425,0.589,0.081,0.403
Cambodia,2017,Southeastern Asia,129,4.168,0.602,1.006,0.43,0.633,0.386,0.068
Cambodia,2018,Southeastern Asia,120,4.433,0.549,1.088,0.457,0.696,0.256,0.065
Cambodia,2019,Southeastern Asia,109,4.7,0.574,1.122,0.637,0.609,0.232,0.062
Cameroon,2015,Sub-Saharan Africa,133,4.252,0.423,0.888,0.234,0.493,0.058,0.206
Cameroon,2016,Sub-Saharan Africa,114,4.513,0.525,0.625,0.127,0.427,0.061,0.227
Cameroon,2017,Sub-Saharan Africa,107,4.695,0.564,0.946,0.133,0.43,0.236,0.051
Cameroon,2018,Sub-Saharan Africa,99,4.975,0.535,0.891,0.182,0.454,0.183,0.043
Cameroon,2019,Sub-Saharan Africa,96,5.044,0.549,0.91,0.331,0.381,0.187,0.037
Canada,2015,North America,5,7.427,1.326,1.323,0.906,0.633,0.33,0.458
Canada,2016,North America,6,7.404,1.44,1.096,0.828,0.574,0.313,0.448
Canada,2017,North America,7,7.316,1.479,1.481,0.835,0.611,0.436,0.287
Canada,2018,North America,7,7.328,1.33,1.532,0.896,0.653,0.321,0.291
Canada,2019,North America,9,7.278,1.365,1.505,1.039,0.584,0.285,0.308
Central African Republic,2015,Sub-Saharan Africa,148,3.678,0.079,0,0.067,0.489,0.083,0.238
Central African Republic,2016,Sub-Saharan Africa,N/A,N/A,N/A,N/A,N/A,N/A,N/A,N/A
Central African Republic,2017,Sub-Saharan Africa,155,2.693,0,0,0.019,0.271,0.281,0.057
Central African Republic,2018,Sub-Saharan Africa,155,3.083,0.024,0,0.01,0.305,0.218,0.038
Central African Republic,2019,Sub-Saharan Africa,155,3.083,0.026,0,0.105,0.225,0.235,0.035
Chad,2015,Sub-Saharan Africa,149,3.667,0.342,0.761,0.15,0.235,0.053,0.184
Chad,2016,Sub-Saharan Africa,144,3.763,0.422,0.632,0.038,0.128,0.05,0.187
Chad,2017,Sub-Saharan Africa,137,3.936,0.438,0.954,0.041,0.162,0.216,0.054
Chad,2018,Sub-Saharan Africa,131,4.301,0.358,0.907,0.053,0.189,0.181,0.06
Chad,2019,Sub-Saharan Africa,132,4.35,0.35,0.766,0.192,0.174,0.198,0.078
Chile,2015,Latin America and Caribbean,27,6.67,1.107,1.124,0.859,0.441,0.129,0.334
Chile,2016,Latin America and Caribbean,24,6.705,1.217,0.906,0.819,0.378,0.115,0.316
Chile,2017,Latin America and Caribbean,20,6.652,1.253,1.284,0.819,0.377,0.327,0.082
Chile,2018,Latin America and Caribbean,25,6.476,1.131,1.331,0.808,0.431,0.197,0.061
Chile,2019,Latin America and Caribbean,26,6.444,1.159,1.369,0.92,0.357,0.187,0.056
China,2015,Eastern Asia,84,5.14,0.89,0.947,0.817,0.517,0.028,0.082
China,2016,Eastern Asia,83,5.245,1.028,0.794,0.736,0.44,0.027,0.05
China,2017,Eastern Asia,79,5.273,1.081,1.161,0.741,0.473,0.029,0.023
China,2018,Eastern Asia,86,5.246,0.989,1.142,0.799,0.597,0.029,0.103
China,2019,Eastern Asia,93,5.191,1.029,1.125,0.893,0.521,0.058,0.1
Colombia,2015,Latin America and Caribbean,33,6.477,0.919,1.24,0.691,0.535,0.051,0.184
Colombia,2016,Latin America and Caribbean,31,6.481,1.03,1.022,0.597,0.447,0.054,0.156
Colombia,2017,Latin America and Caribbean,36,6.357,1.071,1.402,0.595,0.477,0.149,0.047
Colombia,2018,Latin America and Caribbean,37,6.26,0.96,1.439,0.635,0.531,0.099,0.039
Colombia,2019,Latin America and Caribbean,43,6.125,0.985,1.41,0.841,0.47,0.099,0.034
Comoros,2015,Sub-Saharan Africa,140,3.956,0.239,0.793,0.363,0.229,0.199,0.174
Comoros,2016,Sub-Saharan Africa,138,3.956,0.275,0.603,0.3,0.154,0.184,0.183
Comoros,2017,Sub-Saharan Africa,N/A,N/A,N/A,N/A,N/A,N/A,N/A,N/A
Comoros,2018,Sub-Saharan Africa,N/A,N/A,N/A,N/A,N/A,N/A,N/A,N/A
Comoros,2019,Sub-Saharan Africa,142,3.973,0.274,0.757,0.505,0.142,0.275,0.078
Congo (Brazzaville),2015,Sub-Saharan Africa,139,3.989,0.679,0.663,0.311,0.415,0.117,0.124
Congo (Brazzaville),2016,Sub-Saharan Africa,127,4.236,0.771,0.478,0.282,0.379,0.098,0.121
Congo (Brazzaville),2017,Sub-Saharan Africa,124,4.291,0.809,0.832,0.29,0.435,0.121,0.08
Congo (Brazzaville),2018,Sub-Saharan Africa,114,4.559,0.682,0.811,0.343,0.514,0.091,0.077
Congo (Brazzaville),2019,Sub-Saharan Africa,103,4.812,0.673,0.799,0.508,0.372,0.105,0.093
Congo (Kinshasa),2015,Sub-Saharan Africa,120,4.517,0,1.001,0.098,0.226,0.076,0.248
Congo (Kinshasa),2016,Sub-Saharan Africa,125,4.272,0.057,0.807,0.188,0.156,0.061,0.255
Congo (Kinshasa),2017,Sub-Saharan Africa,126,4.28,0.092,1.229,0.191,0.236,0.246,0.06
Congo (Kinshasa),2018,Sub-Saharan Africa,132,4.245,0.069,1.136,0.204,0.312,0.197,0.052
Congo (Kinshasa),2019,Sub-Saharan Africa,127,4.418,0.094,1.125,0.357,0.269,0.212,0.053
Costa Rica,2015,Latin America and Caribbean,12,7.226,0.956,1.238,0.86,0.634,0.106,0.255
Costa Rica,2016,Latin America and Caribbean,14,7.087,1.069,1.022,0.761,0.552,0.105,0.226
Costa Rica,2017,Latin America and Caribbean,12,7.079,1.11,1.416,0.76,0.58,0.215,0.1
Costa Rica,2018,Latin America and Caribbean,13,7.072,1.01,1.459,0.817,0.632,0.143,0.101
Costa Rica,2019,Latin America and Caribbean,12,7.167,1.034,1.441,0.963,0.558,0.144,0.093
Cote D’Ivoire,2015,Sub-Saharan Africa,151,3.655,0.465,0.771,0.152,0.469,0.179,0.202
Cote D’Ivoire,2016,Sub-Saharan Africa,139,3.916,0.555,0.576,0.045,0.407,0.155,0.203
Cote D’Ivoire,2017,Sub-Saharan Africa,128,4.18,0.603,0.905,0.049,0.448,0.201,0.13
Cote D’Ivoire,2018,Sub-Saharan Africa,107,4.671,0.541,0.872,0.08,0.467,0.146,0.103
Cote D’Ivoire,2019,Sub-Saharan Africa,99,4.944,0.569,0.808,0.232,0.352,0.154,0.09
Croatia,2015,Central and Eastern Europe,62,5.759,1.083,0.796,0.788,0.259,0.024,0.054
Croatia,2016,Central and Eastern Europe,74,5.488,1.186,0.608,0.705,0.239,0.04,0.184
Croatia,2017,Central and Eastern Europe,77,5.293,1.223,0.968,0.701,0.256,0.248,0.043
Croatia,2018,Central and Eastern Europe,82,5.321,1.115,1.161,0.737,0.38,0.12,0.039
Croatia,2019,Central and Eastern Europe,75,5.432,1.155,1.266,0.914,0.296,0.119,0.022
Cyprus,2015,Western Europe,67,5.689,1.208,0.893,0.924,0.407,0.061,0.306
Cyprus,2016,Western Europe,69,5.546,1.319,0.707,0.849,0.295,0.052,0.279
Cyprus,2017,Western Europe,65,5.621,1.356,1.131,0.845,0.355,0.271,0.041
Cyprus,2018,Western Europe,61,5.762,1.229,1.191,0.909,0.423,0.202,0.035
Cyprus,2019,Western Europe,49,6.046,1.263,1.223,1.042,0.406,0.19,0.041
Czech Republic,2015,Central and Eastern Europe,31,6.505,1.179,1.206,0.845,0.464,0.027,0.107
Czech Republic,2016,Central and Eastern Europe,27,6.596,1.309,1.008,0.764,0.414,0.04,0.099
Czech Republic,2017,Central and Eastern Europe,23,6.609,1.353,1.434,0.754,0.491,0.088,0.037
Czech Republic,2018,Central and Eastern Europe,21,6.711,1.233,1.489,0.854,0.543,0.064,0.034
Czech Republic,2019,Central and Eastern Europe,20,6.852,1.269,1.487,0.92,0.457,0.046,0.036
Denmark,2015,Western Europe,3,7.527,1.325,1.361,0.875,0.649,0.484,0.341
Denmark,2016,Western Europe,1,7.526,1.442,1.164,0.795,0.579,0.445,0.362
Denmark,2017,Western Europe,2,7.522,1.482,1.551,0.793,0.626,0.355,0.401
Denmark,2018,Western Europe,3,7.555,1.351,1.59,0.868,0.683,0.284,0.408
Denmark,2019,Western Europe,2,7.6,1.383,1.573,0.996,0.592,0.252,0.41
Djibouti,2015,Sub-Saharan Africa,126,4.369,0.44,0.592,0.363,0.461,0.281,0.181
Djibouti,2016,Sub-Saharan Africa,N/A,N/A,N/A,N/A,N/A,N/A,N/A,N/A
Djibouti,2017,Sub-Saharan Africa,N/A,N/A,N/A,N/A,N/A,N/A,N/A,N/A
Djibouti,2018,Sub-Saharan Africa,N/A,N/A,N/A,N/A,N/A,N/A,N/A,N/A
Djibouti,2019,Sub-Saharan Africa,N/A,N/A,N/A,N/A,N/A,N/A,N/A,N/A
Dominican Republic,2015,Latin America and Caribbean,98,4.885,0.895,1.172,0.668,0.577,0.142,0.217
Dominican Republic,2016,Latin America and Caribbean,89,5.155,1.028,0.995,0.577,0.523,0.124,0.213
Dominican Republic,2017,Latin America and Caribbean,86,5.23,1.079,1.402,0.575,0.553,0.187,0.114
Dominican Republic,2018,Latin America and Caribbean,83,5.302,0.982,1.441,0.614,0.578,0.12,0.106
Dominican Republic,2019,Latin America and Caribbean,77,5.425,1.015,1.401,0.779,0.497,0.113,0.101
Ecuador,2015,Latin America and Caribbean,48,5.975,0.864,0.999,0.791,0.486,0.181,0.115
Ecuador,2016,Latin America and Caribbean,51,5.976,0.973,0.86,0.686,0.403,0.18,0.101
Ecuador,2017,Latin America and Caribbean,44,6.008,1.001,1.286,0.686,0.455,0.15,0.14
Ecuador,2018,Latin America and Caribbean,48,5.973,0.889,1.33,0.736,0.556,0.114,0.12
Ecuador,2019,Latin America and Caribbean,50,6.028,0.912,1.312,0.868,0.498,0.126,0.087
Egypt,2015,Middle East and Northern Africa,135,4.194,0.882,0.747,0.617,0.173,0.063,0.113
Egypt,2016,Middle East and Northern Africa,120,4.362,0.954,0.498,0.521,0.188,0.104,0.127
Egypt,2017,Middle East and Northern Africa,104,4.735,0.99,0.997,0.52,0.282,0.129,0.114
Egypt,2018,Middle East and Northern Africa,122,4.419,0.885,1.025,0.553,0.312,0.092,0.107
Egypt,2019,Middle East and Northern Africa,137,4.166,0.913,1.039,0.644,0.241,0.076,0.067
El Salvador,2015,Latin America and Caribbean,42,6.13,0.765,1.025,0.677,0.404,0.118,0.107
El Salvador,2016,Latin America and Caribbean,46,6.068,0.874,0.81,0.596,0.373,0.106,0.089
El Salvador,2017,Latin America and Caribbean,45,6.003,0.91,1.182,0.596,0.432,0.078,0.09
El Salvador,2018,Latin America and Caribbean,40,6.167,0.806,1.231,0.639,0.461,0.065,0.082
El Salvador,2019,Latin America and Caribbean,35,6.253,0.794,1.242,0.789,0.43,0.093,0.074
Estonia,2015,Central and Eastern Europe,73,5.429,1.152,1.228,0.774,0.449,0.152,0.087
Estonia,2016,Central and Eastern Europe,72,5.517,1.28,1.052,0.681,0.415,0.185,0.084
Estonia,2017,Central and Eastern Europe,66,5.611,1.321,1.477,0.695,0.479,0.099,0.183
Estonia,2018,Central and Eastern Europe,63,5.739,1.2,1.532,0.737,0.553,0.086,0.174
Estonia,2019,Central and Eastern Europe,55,5.893,1.237,1.528,0.874,0.495,0.103,0.161
Ethiopia,2015,Sub-Saharan Africa,122,4.512,0.191,0.604,0.441,0.435,0.15,0.243
Ethiopia,2016,Sub-Saharan Africa,115,4.508,0.293,0.379,0.346,0.367,0.172,0.295
Ethiopia,2017,Sub-Saharan Africa,119,4.46,0.339,0.865,0.353,0.409,0.313,0.165
Ethiopia,2018,Sub-Saharan Africa,127,4.35,0.308,0.95,0.391,0.452,0.22,0.146
Ethiopia,2019,Sub-Saharan Africa,134,4.286,0.336,1.033,0.532,0.344,0.209,0.1
Finland,2015,Western Europe,6,7.406,1.29,1.318,0.889,0.642,0.414,0.234
Finland,2016,Western Europe,5,7.413,1.406,1.135,0.811,0.571,0.41,0.255
Finland,2017,Western Europe,5,7.469,1.444,1.54,0.809,0.618,0.245,0.383
Finland,2018,Western Europe,1,7.632,1.305,1.592,0.874,0.681,0.202,0.393
Finland,2019,Western Europe,1,7.769,1.34,1.587,0.986,0.596,0.153,0.393
France,2015,Western Europe,29,6.575,1.278,1.26,0.946,0.55,0.206,0.123
France,2016,Western Europe,32,6.478,1.395,1.005,0.838,0.466,0.178,0.122
France,2017,Western Europe,31,6.442,1.431,1.388,0.844,0.47,0.13,0.173
France,2018,Western Europe,23,6.489,1.293,1.466,0.908,0.52,0.098,0.176
France,2019,Western Europe,24,6.592,1.324,1.472,1.045,0.436,0.111,0.183
Gabon,2015,Sub-Saharan Africa,143,3.896,1.06,0.905,0.434,0.319,0.111,0.068
Gabon,2016,Sub-Saharan Africa,134,4.121,1.159,0.724,0.349,0.281,0.093,0.062
Gabon,2017,Sub-Saharan Africa,118,4.465,1.198,1.156,0.357,0.312,0.044,0.076
Gabon,2018,Sub-Saharan Africa,103,4.758,1.036,1.164,0.404,0.356,0.032,0.052
Gabon,2019,Sub-Saharan Africa,104,4.799,1.057,1.183,0.571,0.295,0.043,0.055
Gambia The,2015,Sub-Saharan Africa,N/A,N/A,N/A,N/A,N/A,N/A,N/A,N/A
Gambia The,2016,Sub-Saharan Africa,N/A,N/A,N/A,N/A,N/A,N/A,N/A,N/A
Gambia The,2017,Sub-Saharan Africa,N/A,N/A,N/A,N/A,N/A,N/A,N/A,N/A
Gambia The,2018,Sub-Saharan Africa,N/A,N/A,N/A,N/A,N/A,N/A,N/A,N/A
Gambia The,2019,Sub-Saharan Africa,120,4.516,0.308,0.939,0.428,0.382,0.269,0.167
Georgia,2015,Central and Eastern Europe,130,4.297,0.742,0.386,0.729,0.406,0.383,0.055
Georgia,2016,Central and Eastern Europe,126,4.252,0.838,0.192,0.64,0.325,0.319,0.068
Georgia,2017,Central and Eastern Europe,125,4.286,0.951,0.571,0.65,0.309,0.054,0.252
Georgia,2018,Central and Eastern Europe,128,4.34,0.853,0.592,0.643,0.375,0.038,0.215
Georgia,2019,Central and Eastern Europe,119,4.519,0.886,0.666,0.752,0.346,0.043,0.164
Germany,2015,Western Europe,26,6.75,1.328,1.299,0.892,0.615,0.218,0.282
Germany,2016,Western Europe,16,6.994,1.448,1.098,0.815,0.535,0.286,0.305
Germany,2017,Western Europe,16,6.951,1.488,1.473,0.799,0.563,0.336,0.277
Germany,2018,Western Europe,15,6.965,1.34,1.474,0.861,0.586,0.273,0.28
Germany,2019,Western Europe,17,6.985,1.373,1.454,0.987,0.495,0.261,0.265
Ghana,2015,Sub-Saharan Africa,114,4.633,0.546,0.68,0.401,0.423,0.044,0.231
Ghana,2016,Sub-Saharan Africa,124,4.276,0.631,0.494,0.297,0.41,0.033,0.212
Ghana,2017,Sub-Saharan Africa,131,4.12,0.667,0.874,0.296,0.423,0.257,0.025
Ghana,2018,Sub-Saharan Africa,108,4.657,0.592,0.896,0.337,0.499,0.212,0.029
Ghana,2019,Sub-Saharan Africa,98,4.996,0.611,0.868,0.486,0.381,0.245,0.04
Greece,2015,Western Europe,102,4.857,1.154,0.929,0.882,0.077,0.014,0
Greece,2016,Western Europe,99,5.033,1.249,0.755,0.8,0.058,0.041,0
Greece,2017,Western Europe,87,5.227,1.289,1.239,0.81,0.096,0,0.043
Greece,2018,Western Europe,79,5.358,1.154,1.202,0.879,0.131,0,0.044
Greece,2019,Western Europe,82,5.287,1.181,1.156,0.999,0.067,0,0.034
Guatemala,2015,Latin America and Caribbean,43,6.123,0.746,1.044,0.644,0.577,0.095,0.275
Guatemala,2016,Latin America and Caribbean,39,6.324,0.835,0.871,0.54,0.504,0.087,0.288
Guatemala,2017,Latin America and Caribbean,29,6.454,0.872,1.256,0.54,0.531,0.283,0.077
Guatemala,2018,Latin America and Caribbean,30,6.382,0.781,1.268,0.608,0.604,0.179,0.071
Guatemala,2019,Latin America and Caribbean,27,6.436,0.8,1.269,0.746,0.535,0.175,0.078
Guinea,2015,Sub-Saharan Africa,150,3.656,0.174,0.465,0.24,0.377,0.121,0.287
Guinea,2016,Sub-Saharan Africa,151,3.607,0.224,0.311,0.188,0.31,0.119,0.299
Guinea,2017,Sub-Saharan Africa,149,3.507,0.245,0.791,0.194,0.349,0.265,0.111
Guinea,2018,Sub-Saharan Africa,140,3.964,0.344,0.792,0.211,0.394,0.185,0.094
Guinea,2019,Sub-Saharan Africa,118,4.534,0.38,0.829,0.375,0.332,0.207,0.086
Haiti,2015,Latin America and Caribbean,119,4.518,0.267,0.743,0.388,0.244,0.172,0.462
Haiti,2016,Latin America and Caribbean,136,4.028,0.341,0.296,0.275,0.121,0.145,0.48
Haiti,2017,Latin America and Caribbean,145,3.603,0.369,0.64,0.277,0.03,0.489,0.1
Haiti,2018,Latin America and Caribbean,148,3.582,0.315,0.714,0.289,0.025,0.392,0.104
Haiti,2019,Latin America and Caribbean,147,3.597,0.323,0.688,0.449,0.026,0.419,0.11
Honduras,2015,Latin America and Caribbean,105,4.788,0.595,0.953,0.695,0.401,0.068,0.23
Honduras,2016,Latin America and Caribbean,104,4.871,0.694,0.756,0.584,0.268,0.069,0.204
Honduras,2017,Latin America and Caribbean,91,5.181,0.731,1.144,0.583,0.348,0.236,0.073
Honduras,2018,Latin America and Caribbean,72,5.504,0.62,1.205,0.622,0.459,0.197,0.074
Honduras,2019,Latin America and Caribbean,59,5.86,0.642,1.236,0.828,0.507,0.246,0.078
Hungary,2015,Central and Eastern Europe,104,4.8,1.121,1.202,0.759,0.321,0.028,0.128
Hungary,2016,Central and Eastern Europe,91,5.145,1.241,0.932,0.676,0.198,0.045,0.099
Hungary,2017,Central and Eastern Europe,75,5.324,1.286,1.343,0.688,0.176,0.078,0.037
Hungary,2018,Central and Eastern Europe,69,5.62,1.171,1.401,0.732,0.259,0.061,0.022
Hungary,2019,Central and Eastern Europe,62,5.758,1.201,1.41,0.828,0.199,0.081,0.02
Iceland,2015,Western Europe,2,7.561,1.302,1.402,0.948,0.629,0.141,0.436
Iceland,2016,Western Europe,3,7.501,1.427,1.183,0.867,0.566,0.15,0.477
Iceland,2017,Western Europe,3,7.504,1.481,1.611,0.834,0.627,0.476,0.154
Iceland,2018,Western Europe,4,7.495,1.343,1.644,0.914,0.677,0.353,0.138
Iceland,2019,Western Europe,4,7.494,1.38,1.624,1.026,0.591,0.354,0.118
India,2015,Southern Asia,117,4.565,0.645,0.382,0.515,0.398,0.085,0.265
India,2016,Southern Asia,118,4.404,0.74,0.292,0.451,0.403,0.087,0.25
India,2017,Southern Asia,122,4.315,0.792,0.754,0.455,0.47,0.232,0.092
India,2018,Southern Asia,133,4.19,0.721,0.747,0.485,0.539,0.172,0.093
India,2019,Southern Asia,140,4.015,0.755,0.765,0.588,0.498,0.2,0.085
Indonesia,2015,Southeastern Asia,74,5.399,0.828,1.087,0.638,0.466,0,0.515
Indonesia,2016,Southeastern Asia,79,5.314,0.951,0.876,0.494,0.392,0.003,0.565
Indonesia,2017,Southeastern Asia,81,5.262,0.996,1.274,0.492,0.443,0.612,0.015
Indonesia,2018,Southeastern Asia,96,5.093,0.899,1.215,0.522,0.538,0.484,0.018
Indonesia,2019,Southeastern Asia,92,5.192,0.931,1.203,0.66,0.491,0.498,0.028
Iran,2015,Middle East and Northern Africa,110,4.686,1.009,0.544,0.698,0.3,0.059,0.381
Iran,2016,Middle East and Northern Africa,105,4.813,1.118,0.389,0.642,0.225,0.056,0.385
Iran,2017,Middle East and Northern Africa,108,4.692,1.157,0.712,0.639,0.249,0.387,0.049
Iran,2018,Middle East and Northern Africa,106,4.707,1.059,0.771,0.691,0.459,0.282,0.129
Iran,2019,Middle East and Northern Africa,117,4.548,1.1,0.842,0.785,0.305,0.27,0.125
Iraq,2015,Middle East and Northern Africa,112,4.677,0.985,0.819,0.602,0,0.138,0.179
Iraq,2016,Middle East and Northern Africa,112,4.575,1.075,0.592,0.511,0.249,0.136,0.196
Iraq,2017,Middle East and Northern Africa,117,4.497,1.103,0.979,0.501,0.289,0.2,0.107
Iraq,2018,Middle East and Northern Africa,117,4.456,1.01,0.971,0.536,0.304,0.148,0.095
Iraq,2019,Middle East and Northern Africa,126,4.437,1.043,0.98,0.574,0.241,0.148,0.089
Ireland,2015,Western Europe,18,6.94,1.336,1.369,0.895,0.618,0.287,0.459
Ireland,2016,Western Europe,19,6.907,1.483,1.162,0.815,0.54,0.298,0.45
Ireland,2017,Western Europe,15,6.977,1.536,1.558,0.81,0.573,0.428,0.298
Ireland,2018,Western Europe,14,6.977,1.448,1.583,0.876,0.614,0.307,0.306
Ireland,2019,Western Europe,16,7.021,1.499,1.553,0.999,0.516,0.298,0.31
Israel,2015,Middle East and Northern Africa,11,7.278,1.229,1.224,0.914,0.413,0.078,0.332
Israel,2016,Middle East and Northern Africa,11,7.267,1.338,0.995,0.849,0.364,0.087,0.323
Israel,2017,Middle East and Northern Africa,11,7.213,1.375,1.376,0.838,0.406,0.33,0.085
Israel,2018,Middle East and Northern Africa,19,6.814,1.301,1.559,0.883,0.533,0.354,0.272
Israel,2019,Middle East and Northern Africa,13,7.139,1.276,1.455,1.029,0.371,0.261,0.082
Italy,2015,Western Europe,50,5.948,1.251,1.198,0.954,0.262,0.029,0.228
Italy,2016,Western Europe,50,5.977,1.355,1.042,0.851,0.188,0.026,0.167
Italy,2017,Western Europe,48,5.964,1.395,1.445,0.853,0.256,0.173,0.028
Italy,2018,Western Europe,47,6,1.264,1.501,0.946,0.281,0.137,0.028
Italy,2019,Western Europe,36,6.223,1.294,1.488,1.039,0.231,0.158,0.03
Jamaica,2015,Latin America and Caribbean,65,5.709,0.81,1.151,0.687,0.504,0.023,0.212
Jamaica,2016,Latin America and Caribbean,73,5.51,0.893,0.964,0.595,0.436,0.043,0.222
Jamaica,2017,Latin America and Caribbean,76,5.311,0.926,1.368,0.641,0.474,0.234,0.055
Jamaica,2018,Latin America and Caribbean,56,5.89,0.819,1.493,0.693,0.575,0.096,0.031
Jamaica,2019,Latin America and Caribbean,56,5.89,0.831,1.478,0.831,0.49,0.107,0.028
Japan,2015,Eastern Asia,46,5.987,1.271,1.257,0.991,0.496,0.181,0.107
Japan,2016,Eastern Asia,53,5.921,1.38,1.061,0.915,0.468,0.19,0.102
Japan,2017,Eastern Asia,51,5.92,1.417,1.436,0.913,0.506,0.121,0.164
Japan,2018,Eastern Asia,54,5.915,1.294,1.462,0.988,0.553,0.079,0.15
Japan,2019,Eastern Asia,58,5.886,1.327,1.419,1.088,0.445,0.069,0.14
Jordan,2015,Middle East and Northern Africa,82,5.192,0.902,1.054,0.696,0.407,0.143,0.111
Jordan,2016,Middle East and Northern Africa,80,5.303,0.997,0.862,0.607,0.36,0.133,0.143
Jordan,2017,Middle East and Northern Africa,74,5.336,0.991,1.239,0.605,0.418,0.172,0.12
Jordan,2018,Middle East and Northern Africa,90,5.161,0.822,1.265,0.645,0.468,0.13,0.134
Jordan,2019,Middle East and Northern Africa,101,4.906,0.837,1.225,0.815,0.383,0.11,0.13
Kazakhstan,2015,Central and Eastern Europe,54,5.855,1.123,1.122,0.644,0.516,0.085,0.118
Kazakhstan,2016,Central and Eastern Europe,54,5.919,1.229,0.955,0.574,0.405,0.111,0.15
Kazakhstan,2017,Central and Eastern Europe,60,5.819,1.285,1.384,0.606,0.437,0.202,0.119
Kazakhstan,2018,Central and Eastern Europe,60,5.79,1.143,1.516,0.631,0.454,0.148,0.121
Kazakhstan,2019,Central and Eastern Europe,60,5.809,1.173,1.508,0.729,0.41,0.146,0.096
Kenya,2015,Sub-Saharan Africa,125,4.419,0.365,0.999,0.414,0.422,0.058,0.375
Kenya,2016,Sub-Saharan Africa,122,4.356,0.523,0.762,0.301,0.406,0.067,0.413
Kenya,2017,Sub-Saharan Africa,112,4.553,0.56,1.068,0.31,0.453,0.445,0.065
Kenya,2018,Sub-Saharan Africa,124,4.41,0.493,1.048,0.454,0.504,0.352,0.055
Kenya,2019,Sub-Saharan Africa,121,4.509,0.512,0.983,0.581,0.431,0.372,0.053
Korea South,2015,Eastern Asia,47,5.984,1.245,0.958,0.965,0.332,0.079,0.186
Korea South,2016,Eastern Asia,57,5.835,1.359,0.722,0.886,0.252,0.077,0.188
Korea South,2017,Eastern Asia,55,5.838,1.402,1.128,0.9,0.258,0.207,0.063
Korea South,2018,Eastern Asia,57,5.875,1.266,1.204,0.955,0.244,0.175,0.051
Korea South,2019,Eastern Asia,54,5.895,1.301,1.219,1.036,0.159,0.175,0.056
Kosovo,2015,Central and Eastern Europe,69,5.589,0.801,0.812,0.631,0.247,0.047,0.283
Kosovo,2016,Central and Eastern Europe,77,5.401,0.901,0.661,0.54,0.144,0.065,0.28
Kosovo,2017,Central and Eastern Europe,78,5.279,0.951,1.138,0.541,0.26,0.32,0.057
Kosovo,2018,Central and Eastern Europe,66,5.662,0.855,1.23,0.578,0.448,0.274,0.023
Kosovo,2019,Central and Eastern Europe,46,6.1,0.882,1.232,0.758,0.489,0.262,0.006
Kuwait,2015,Middle East and Northern Africa,39,6.295,1.554,1.166,0.725,0.555,0.256,0.162
Kuwait,2016,Middle East and Northern Africa,41,6.239,1.617,0.878,0.636,0.432,0.237,0.16
Kuwait,2017,Middle East and Northern Africa,39,6.105,1.633,1.26,0.632,0.496,0.228,0.215
Kuwait,2018,Middle East and Northern Africa,45,6.083,1.474,1.301,0.675,0.554,0.167,0.106
Kuwait,2019,Middle East and Northern Africa,51,6.021,1.5,1.319,0.808,0.493,0.142,0.097
Kyrgyzstan,2015,Central and Eastern Europe,77,5.286,0.474,1.151,0.651,0.435,0.042,0.3
Kyrgyzstan,2016,Central and Eastern Europe,85,5.185,0.56,0.954,0.554,0.402,0.048,0.384
Kyrgyzstan,2017,Central and Eastern Europe,98,5.004,0.596,1.394,0.553,0.455,0.429,0.039
Kyrgyzstan,2018,Central and Eastern Europe,92,5.131,0.53,1.416,0.594,0.54,0.281,0.035
Kyrgyzstan,2019,Central and Eastern Europe,86,5.261,0.551,1.438,0.723,0.508,0.3,0.023
Laos,2015,Southeastern Asia,99,4.876,0.591,0.738,0.549,0.596,0.242,0.422
Laos,2016,Southeastern Asia,102,4.876,0.68,0.55,0.383,0.522,0.224,0.431
Laos,2017,Southeastern Asia,N/A,N/A,N/A,N/A,N/A,N/A,N/A,N/A
Laos,2018,Southeastern Asia,110,4.623,0.72,1.034,0.441,0.626,0.23,0.174
Laos,2019,Southeastern Asia,105,4.796,0.764,1.03,0.551,0.547,0.266,0.164
Latvia,2015,Central and Eastern Europe,89,5.098,1.113,1.096,0.724,0.297,0.063,0.182
Latvia,2016,Central and Eastern Europe,68,5.56,1.218,0.95,0.64,0.28,0.089,0.174
Latvia,2017,Central and Eastern Europe,54,5.85,1.261,1.405,0.639,0.326,0.153,0.074
Latvia,2018,Central and Eastern Europe,53,5.933,1.148,1.454,0.671,0.363,0.092,0.066
Latvia,2019,Central and Eastern Europe,53,5.94,1.187,1.465,0.812,0.264,0.075,0.064
Lebanon,2015,Middle East and Northern Africa,103,4.839,1.026,0.8,0.839,0.339,0.046,0.219
Lebanon,2016,Middle East and Northern Africa,93,5.129,1.123,0.642,0.762,0.262,0.031,0.237
Lebanon,2017,Middle East and Northern Africa,88,5.225,1.075,1.13,0.735,0.289,0.264,0.038
Lebanon,2018,Middle East and Northern Africa,80,5.358,0.965,1.179,0.785,0.503,0.214,0.136
Lebanon,2019,Middle East and Northern Africa,91,5.197,0.987,1.224,0.815,0.216,0.166,0.027
Lesotho,2015,Sub-Saharan Africa,97,4.898,0.375,1.041,0.076,0.318,0.125,0.164
Lesotho,2016,Sub-Saharan Africa,N/A,N/A,N/A,N/A,N/A,N/A,N/A,N/A
Lesotho,2017,Sub-Saharan Africa,139,3.808,0.521,1.19,0,0.391,0.157,0.119
Lesotho,2018,Sub-Saharan Africa,141,3.808,0.472,1.215,0.079,0.423,0.116,0.112
Lesotho,2019,Sub-Saharan Africa,144,3.802,0.489,1.169,0.168,0.359,0.107,0.093
Liberia,2015,Sub-Saharan Africa,116,4.571,0.071,0.79,0.342,0.285,0.062,0.244
Liberia,2016,Sub-Saharan Africa,150,3.622,0.107,0.504,0.232,0.257,0.049,0.241
Liberia,2017,Sub-Saharan Africa,148,3.533,0.119,0.872,0.23,0.333,0.267,0.039
Liberia,2018,Sub-Saharan Africa,149,3.495,0.076,0.858,0.267,0.419,0.206,0.03
Liberia,2019,Sub-Saharan Africa,141,3.975,0.073,0.922,0.443,0.37,0.233,0.033
Libya,2015,Middle East and Northern Africa,63,5.754,1.131,1.119,0.704,0.417,0.11,0.183
Libya,2016,Middle East and Northern Africa,67,5.615,1.067,0.951,0.523,0.407,0.103,0.171
Libya,2017,Middle East and Northern Africa,68,5.525,1.102,1.358,0.52,0.466,0.152,0.093
Libya,2018,Middle East and Northern Africa,70,5.566,0.985,1.35,0.553,0.496,0.116,0.148
Libya,2019,Middle East and Northern Africa,72,5.525,1.044,1.303,0.673,0.416,0.133,0.152
Lithuania,2015,Central and Eastern Europe,56,5.833,1.147,1.257,0.731,0.213,0.01,0.026
Lithuania,2016,Central and Eastern Europe,60,5.813,1.269,1.064,0.647,0.189,0.018,0.02
Lithuania,2017,Central and Eastern Europe,52,5.902,1.315,1.474,0.629,0.234,0.01,0.012
Lithuania,2018,Central and Eastern Europe,50,5.952,1.197,1.527,0.716,0.35,0.026,0.006
Lithuania,2019,Central and Eastern Europe,42,6.149,1.238,1.515,0.818,0.291,0.043,0.042
Luxembourg,2015,Western Europe,17,6.946,1.564,1.22,0.919,0.616,0.378,0.28
Luxembourg,2016,Western Europe,20,6.871,1.698,1.04,0.845,0.549,0.353,0.276
Luxembourg,2017,Western Europe,18,6.863,1.742,1.458,0.845,0.597,0.283,0.319
Luxembourg,2018,Western Europe,17,6.91,1.576,1.52,0.896,0.632,0.196,0.321
Luxembourg,2019,Western Europe,14,7.09,1.609,1.479,1.012,0.526,0.194,0.316
Madagascar,2015,Sub-Saharan Africa,147,3.681,0.208,0.668,0.467,0.192,0.081,0.213
Madagascar,2016,Sub-Saharan Africa,148,3.695,0.28,0.461,0.371,0.137,0.075,0.22
Madagascar,2017,Sub-Saharan Africa,144,3.644,0.306,0.913,0.375,0.189,0.209,0.067
Madagascar,2018,Sub-Saharan Africa,143,3.774,0.262,0.908,0.402,0.221,0.155,0.049
Madagascar,2019,Sub-Saharan Africa,143,3.933,0.274,0.916,0.555,0.148,0.169,0.041
Malawi,2015,Sub-Saharan Africa,131,4.292,0.016,0.411,0.226,0.431,0.07,0.331
Malawi,2016,Sub-Saharan Africa,132,4.156,0.087,0.147,0.294,0.414,0.076,0.31
Malawi,2017,Sub-Saharan Africa,136,3.97,0.233,0.513,0.315,0.467,0.287,0.073
Malawi,2018,Sub-Saharan Africa,147,3.587,0.186,0.541,0.306,0.531,0.21,0.08
Malawi,2019,Sub-Saharan Africa,150,3.41,0.191,0.56,0.495,0.443,0.218,0.089
Malaysia,2015,Southeastern Asia,61,5.77,1.125,1.07,0.724,0.53,0.105,0.331
Malaysia,2016,Southeastern Asia,47,6.005,1.251,0.88,0.624,0.39,0.091,0.415
Malaysia,2017,Southeastern Asia,42,6.084,1.291,1.285,0.619,0.402,0.417,0.066
Malaysia,2018,Southeastern Asia,35,6.322,1.161,1.258,0.669,0.356,0.311,0.059
Malaysia,2019,Southeastern Asia,80,5.339,1.221,1.171,0.828,0.508,0.26,0.024
Mali,2015,Sub-Saharan Africa,138,3.995,0.261,1.035,0.206,0.389,0.124,0.188
Mali,2016,Sub-Saharan Africa,135,4.073,0.313,0.863,0.163,0.275,0.136,0.211
Mali,2017,Sub-Saharan Africa,127,4.19,0.476,1.281,0.169,0.307,0.183,0.105
Mali,2018,Sub-Saharan Africa,118,4.447,0.37,1.233,0.152,0.367,0.139,0.056
Mali,2019,Sub-Saharan Africa,128,4.39,0.385,1.105,0.308,0.327,0.153,0.052
Malta,2015,Western Europe,37,6.302,1.207,1.302,0.887,0.604,0.136,0.518
Malta,2016,Western Europe,30,6.488,1.308,1.099,0.803,0.55,0.176,0.562
Malta,2017,Western Europe,27,6.527,1.343,1.488,0.822,0.589,0.575,0.153
Malta,2018,Western Europe,22,6.627,1.27,1.525,0.884,0.645,0.376,0.142
Malta,2019,Western Europe,22,6.726,1.3,1.52,0.999,0.564,0.375,0.151
Mauritania,2015,Sub-Saharan Africa,124,4.436,0.454,0.869,0.359,0.242,0.175,0.219
Mauritania,2016,Sub-Saharan Africa,130,4.201,0.614,0.841,0.286,0.127,0.18,0.227
Mauritania,2017,Sub-Saharan Africa,123,4.292,0.648,1.272,0.285,0.096,0.202,0.137
Mauritania,2018,Sub-Saharan Africa,126,4.356,0.557,1.245,0.292,0.129,0.134,0.093
Mauritania,2019,Sub-Saharan Africa,122,4.49,0.57,1.167,0.489,0.066,0.106,0.088
Mauritius,2015,Sub-Saharan Africa,71,5.477,1.008,0.985,0.71,0.561,0.075,0.377
Mauritius,2016,Sub-Saharan Africa,66,5.648,1.144,0.757,0.662,0.461,0.052,0.37
Mauritius,2017,Sub-Saharan Africa,64,5.629,1.189,1.21,0.638,0.491,0.361,0.042
Mauritius,2018,Sub-Saharan Africa,55,5.891,1.09,1.387,0.684,0.584,0.245,0.05
Mauritius,2019,Sub-Saharan Africa,57,5.888,1.12,1.402,0.798,0.498,0.215,0.06
Mexico,2015,Latin America and Caribbean,14,7.187,1.021,0.915,0.814,0.482,0.213,0.141
Mexico,2016,Latin America and Caribbean,21,6.778,1.115,0.715,0.711,0.377,0.184,0.117
Mexico,2017,Latin America and Caribbean,25,6.578,1.153,1.211,0.71,0.413,0.121,0.133
Mexico,2018,Latin America and Caribbean,24,6.488,1.038,1.252,0.761,0.479,0.069,0.095
Mexico,2019,Latin America and Caribbean,23,6.595,1.07,1.323,0.861,0.433,0.074,0.073
Moldova,2015,Central and Eastern Europe,52,5.889,0.594,1.015,0.618,0.328,0.016,0.21
Moldova,2016,Central and Eastern Europe,55,5.897,0.692,0.831,0.523,0.252,0.019,0.2
Moldova,2017,Central and Eastern Europe,56,5.838,0.729,1.252,0.589,0.241,0.209,0.01
Moldova,2018,Central and Eastern Europe,67,5.64,0.657,1.301,0.62,0.232,0.171,0
Moldova,2019,Central and Eastern Europe,71,5.529,0.685,1.328,0.739,0.245,0.181,0
Mongolia,2015,Eastern Asia,100,4.874,0.828,1.301,0.603,0.436,0.027,0.332
Mongolia,2016,Eastern Asia,101,4.907,0.989,1.09,0.555,0.36,0.033,0.345
Mongolia,2017,Eastern Asia,100,4.955,1.027,1.493,0.558,0.394,0.338,0.033
Mongolia,2018,Eastern Asia,94,5.125,0.914,1.517,0.575,0.395,0.253,0.032
Mongolia,2019,Eastern Asia,83,5.285,0.948,1.531,0.667,0.317,0.235,0.038
Montenegro,2015,Central and Eastern Europe,82,5.192,0.974,0.906,0.725,0.183,0.143,0.161
Montenegro,2016,Central and Eastern Europe,88,5.161,1.078,0.742,0.635,0.151,0.127,0.172
Montenegro,2017,Central and Eastern Europe,83,5.237,1.121,1.238,0.667,0.195,0.198,0.088
Montenegro,2018,Central and Eastern Europe,81,5.347,1.017,1.279,0.729,0.259,0.111,0.081
Montenegro,2019,Central and Eastern Europe,73,5.523,1.051,1.361,0.871,0.197,0.142,0.08
Morocco,2015,Middle East and Northern Africa,92,5.013,0.735,0.641,0.61,0.417,0.085,0.072
Morocco,2016,Middle East and Northern Africa,90,5.151,0.841,0.386,0.595,0.256,0.084,0.041
Morocco,2017,Middle East and Northern Africa,84,5.235,0.878,0.775,0.598,0.408,0.032,0.088
Morocco,2018,Middle East and Northern Africa,85,5.254,0.779,0.797,0.669,0.46,0.026,0.074
Morocco,2019,Middle East and Northern Africa,89,5.208,0.801,0.782,0.782,0.418,0.036,0.076
Mozambique,2015,Sub-Saharan Africa,94,4.971,0.083,1.026,0.091,0.34,0.156,0.223
Mozambique,2016,Sub-Saharan Africa,N/A,N/A,N/A,N/A,N/A,N/A,N/A,N/A
Mozambique,2017,Sub-Saharan Africa,113,4.55,0.234,0.871,0.107,0.481,0.322,0.179
Mozambique,2018,Sub-Saharan Africa,123,4.417,0.198,0.902,0.173,0.531,0.206,0.158
Mozambique,2019,Sub-Saharan Africa,123,4.466,0.204,0.986,0.39,0.494,0.197,0.138
Namibia,2015,Sub-Saharan Africa,N/A,N/A,N/A,N/A,N/A,N/A,N/A,N/A
Namibia,2016,Sub-Saharan Africa,113,4.574,0.933,0.704,0.347,0.486,0.104,0.078
Namibia,2017,Sub-Saharan Africa,111,4.574,0.964,1.098,0.339,0.52,0.077,0.093
Namibia,2018,Sub-Saharan Africa,119,4.441,0.874,1.281,0.365,0.519,0.051,0.064
Namibia,2019,Sub-Saharan Africa,113,4.639,0.879,1.313,0.477,0.401,0.07,0.056
Nepal,2015,Southern Asia,121,4.514,0.36,0.864,0.569,0.383,0.059,0.323
Nepal,2016,Southern Asia,107,4.793,0.446,0.697,0.501,0.37,0.07,0.382
Nepal,2017,Southern Asia,99,4.962,0.48,1.179,0.504,0.44,0.394,0.073
Nepal,2018,Southern Asia,101,4.88,0.425,1.228,0.539,0.526,0.302,0.078
Nepal,2019,Southern Asia,100,4.913,0.446,1.226,0.677,0.439,0.285,0.089
Netherlands,2015,Western Europe,7,7.378,1.329,1.28,0.893,0.616,0.318,0.476
Netherlands,2016,Western Europe,7,7.339,1.465,1.029,0.812,0.552,0.299,0.474
Netherlands,2017,Western Europe,6,7.377,1.504,1.429,0.811,0.585,0.47,0.283
Netherlands,2018,Western Europe,6,7.441,1.361,1.488,0.878,0.638,0.333,0.295
Netherlands,2019,Western Europe,5,7.488,1.396,1.522,0.999,0.557,0.322,0.298
New Zealand,2015,Australia and New Zealand,9,7.286,1.25,1.32,0.908,0.639,0.429,0.475
New Zealand,2016,Australia and New Zealand,8,7.334,1.361,1.173,0.831,0.581,0.419,0.494
New Zealand,2017,Australia and New Zealand,8,7.314,1.406,1.548,0.817,0.614,0.5,0.383
New Zealand,2018,Australia and New Zealand,8,7.324,1.268,1.601,0.876,0.669,0.365,0.389
New Zealand,2019,Australia and New Zealand,8,7.307,1.303,1.557,1.026,0.585,0.33,0.38
Nicaragua,2015,Latin America and Caribbean,57,5.828,0.593,1.142,0.743,0.555,0.193,0.278
Nicaragua,2016,Latin America and Caribbean,48,5.992,0.694,0.895,0.652,0.466,0.163,0.298
Nicaragua,2017,Latin America and Caribbean,43,6.071,0.737,1.287,0.653,0.448,0.302,0.131
Nicaragua,2018,Latin America and Caribbean,41,6.141,0.668,1.319,0.7,0.527,0.208,0.128
Nicaragua,2019,Latin America and Caribbean,45,6.105,0.694,1.325,0.835,0.435,0.2,0.127
Niger,2015,Sub-Saharan Africa,144,3.845,0.069,0.773,0.297,0.477,0.156,0.194
Niger,2016,Sub-Saharan Africa,142,3.856,0.133,0.605,0.262,0.38,0.172,0.21
Niger,2017,Sub-Saharan Africa,135,4.028,0.162,0.993,0.269,0.364,0.229,0.139
Niger,2018,Sub-Saharan Africa,134,4.166,0.131,0.867,0.221,0.39,0.175,0.099
Niger,2019,Sub-Saharan Africa,114,4.628,0.138,0.774,0.366,0.318,0.188,0.102
Nigeria,2015,Sub-Saharan Africa,78,5.268,0.654,0.904,0.16,0.343,0.04,0.272
Nigeria,2016,Sub-Saharan Africa,103,4.875,0.752,0.645,0.051,0.279,0.031,0.232
Nigeria,2017,Sub-Saharan Africa,95,5.074,0.784,1.216,0.057,0.395,0.231,0.026
Nigeria,2018,Sub-Saharan Africa,91,5.155,0.689,1.172,0.048,0.462,0.201,0.032
Nigeria,2019,Sub-Saharan Africa,85,5.265,0.696,1.111,0.245,0.426,0.215,0.041
North Macedonia,2015,Central and Eastern Europe,93,5.007,0.919,1.002,0.735,0.335,0.053,0.224
North Macedonia,2016,Central and Eastern Europe,95,5.121,1.019,0.782,0.647,0.277,0.07,0.235
North Macedonia,2017,Central and Eastern Europe,92,5.175,1.065,1.208,0.645,0.326,0.254,0.06
North Macedonia,2018,Central and Eastern Europe,89,5.185,0.959,1.239,0.691,0.394,0.173,0.052
North Macedonia,2019,Central and Eastern Europe,84,5.274,0.983,1.294,0.838,0.345,0.185,0.034
Norway,2015,Western Europe,4,7.522,1.459,1.331,0.885,0.67,0.365,0.347
Norway,2016,Western Europe,4,7.498,1.577,1.127,0.796,0.596,0.358,0.379
Norway,2017,Western Europe,1,7.537,1.616,1.534,0.797,0.635,0.362,0.316
Norway,2018,Western Europe,2,7.594,1.456,1.582,0.861,0.686,0.286,0.34
Norway,2019,Western Europe,3,7.554,1.488,1.582,1.028,0.603,0.271,0.341
Oman,2015,Middle East and Northern Africa,22,6.853,1.36,1.082,0.763,0.633,0.325,0.215
Oman,2016,Middle East and Northern Africa,N/A,N/A,N/A,N/A,N/A,N/A,N/A,N/A
Oman,2017,Middle East and Northern Africa,N/A,N/A,N/A,N/A,N/A,N/A,N/A,N/A
Oman,2018,Middle East and Northern Africa,N/A,N/A,N/A,N/A,N/A,N/A,N/A,N/A
Oman,2019,Middle East and Northern Africa,N/A,N/A,N/A,N/A,N/A,N/A,N/A,N/A
Pakistan,2015,Southern Asia,81,5.194,0.595,0.414,0.515,0.121,0.105,0.337
Pakistan,2016,Southern Asia,92,5.132,0.688,0.261,0.403,0.146,0.139,0.312
Pakistan,2017,Southern Asia,80,5.269,0.727,0.673,0.402,0.235,0.315,0.124
Pakistan,2018,Southern Asia,75,5.472,0.652,0.81,0.424,0.334,0.216,0.113
Pakistan,2019,Southern Asia,67,5.653,0.677,0.886,0.535,0.313,0.22,0.098
Panama,2015,Latin America and Caribbean,25,6.786,1.064,1.199,0.797,0.542,0.093,0.244
Panama,2016,Latin America and Caribbean,25,6.701,1.183,0.989,0.708,0.489,0.084,0.242
Panama,2017,Latin America and Caribbean,30,6.452,1.234,1.373,0.706,0.55,0.211,0.071
Panama,2018,Latin America and Caribbean,27,6.43,1.112,1.438,0.759,0.597,0.125,0.063
Panama,2019,Latin America and Caribbean,31,6.321,1.149,1.442,0.91,0.516,0.109,0.054
Paraguay,2015,Latin America and Caribbean,53,5.878,0.76,1.305,0.661,0.539,0.082,0.342
Paraguay,2016,Latin America and Caribbean,70,5.538,0.894,1.111,0.583,0.462,0.074,0.253
Paraguay,2017,Latin America and Caribbean,70,5.493,0.933,1.507,0.579,0.474,0.224,0.091
Paraguay,2018,Latin America and Caribbean,64,5.681,0.835,1.522,0.615,0.541,0.162,0.074
Paraguay,2019,Latin America and Caribbean,63,5.743,0.855,1.475,0.777,0.514,0.184,0.08
Peru,2015,Latin America and Caribbean,58,5.824,0.9,0.975,0.73,0.415,0.06,0.15
Peru,2016,Latin America and Caribbean,64,5.743,0.996,0.813,0.63,0.375,0.053,0.145
Peru,2017,Latin America and Caribbean,63,5.715,1.035,1.219,0.63,0.45,0.127,0.047
Peru,2018,Latin America and Caribbean,65,5.663,0.934,1.249,0.674,0.53,0.092,0.034
Peru,2019,Latin America and Caribbean,65,5.697,0.96,1.274,0.854,0.455,0.083,0.027
Philippines,2015,Southeastern Asia,90,5.073,0.705,1.035,0.581,0.625,0.123,0.25
Philippines,2016,Southeastern Asia,82,5.279,0.812,0.879,0.47,0.549,0.118,0.217
Philippines,2017,Southeastern Asia,72,5.43,0.858,1.254,0.468,0.585,0.194,0.099
Philippines,2018,Southeastern Asia,71,5.524,0.775,1.312,0.513,0.643,0.12,0.105
Philippines,2019,Southeastern Asia,69,5.631,0.807,1.293,0.657,0.558,0.117,0.107
Poland,2015,Central and Eastern Europe,60,5.791,1.126,1.279,0.779,0.531,0.042,0.168
Poland,2016,Central and Eastern Europe,57,5.835,1.246,1.047,0.691,0.452,0.055,0.144
Poland,2017,Central and Eastern Europe,46,5.973,1.292,1.446,0.699,0.52,0.158,0.059
Poland,2018,Central and Eastern Europe,42,6.123,1.176,1.448,0.781,0.546,0.108,0.064
Poland,2019,Central and Eastern Europe,40,6.182,1.206,1.438,0.884,0.483,0.117,0.05
Portugal,2015,Western Europe,88,5.102,1.16,1.139,0.875,0.515,0.011,0.137
Portugal,2016,Western Europe,94,5.123,1.276,0.944,0.794,0.447,0.015,0.117
Portugal,2017,Western Europe,89,5.195,1.315,1.367,0.796,0.498,0.095,0.016
Portugal,2018,Western Europe,77,5.41,1.188,1.429,0.884,0.562,0.055,0.017
Portugal,2019,Western Europe,66,5.693,1.221,1.431,0.999,0.508,0.047,0.025
Puerto Rico,2015,Latin America and Caribbean,N/A,N/A,N/A,N/A,N/A,N/A,N/A,N/A
Puerto Rico,2016,Latin America and Caribbean,15,7.039,1.35943,1.08113,0.77758,0.46823,0.12275,0.22202
Puerto Rico,2017,Latin America and Caribbean,N/A,N/A,N/A,N/A,N/A,N/A,N/A,N/A
Puerto Rico,2018,Latin America and Caribbean,N/A,N/A,N/A,N/A,N/A,N/A,N/A,N/A
Puerto Rico,2019,Latin America and Caribbean,N/A,N/A,N/A,N/A,N/A,N/A,N/A,N/A
Qatar,2015,Middle East and Northern Africa,28,6.611,1.69,1.079,0.797,0.64,0.522,0.326
Qatar,2016,Middle East and Northern Africa,36,6.375,1.824,0.88,0.717,0.567,0.48,0.324
Qatar,2017,Middle East and Northern Africa,35,6.375,1.871,1.274,0.71,0.604,0.33,0.439
Qatar,2018,Middle East and Northern Africa,32,6.374,1.649,1.303,0.748,0.654,0.256,0.171
Qatar,2019,Middle East and Northern Africa,29,6.374,1.684,1.313,0.871,0.555,0.22,0.167
Romania,2015,Central and Eastern Europe,86,5.124,1.043,0.886,0.769,0.351,0.006,0.137
Romania,2016,Central and Eastern Europe,71,5.528,1.17,0.728,0.676,0.367,0.007,0.129
Romania,2017,Central and Eastern Europe,57,5.825,1.218,1.15,0.685,0.457,0.134,0.004
Romania,2018,Central and Eastern Europe,52,5.945,1.116,1.219,0.726,0.528,0.088,0.001
Romania,2019,Central and Eastern Europe,48,6.07,1.162,1.232,0.825,0.462,0.083,0.005
Russia,2015,Central and Eastern Europe,64,5.716,1.138,1.236,0.669,0.367,0.03,0.002
Russia,2016,Central and Eastern Europe,56,5.856,1.232,1.053,0.59,0.327,0.036,0.027
Russia,2017,Central and Eastern Europe,49,5.963,1.282,1.469,0.547,0.374,0.052,0.033
Russia,2018,Central and Eastern Europe,59,5.81,1.151,1.479,0.599,0.399,0.065,0.025
Russia,2019,Central and Eastern Europe,68,5.648,1.183,1.452,0.726,0.334,0.082,0.031
Rwanda,2015,Sub-Saharan Africa,154,3.465,0.222,0.774,0.429,0.592,0.552,0.226
Rwanda,2016,Sub-Saharan Africa,152,3.515,0.328,0.616,0.319,0.543,0.505,0.236
Rwanda,2017,Sub-Saharan Africa,151,3.471,0.369,0.946,0.326,0.582,0.253,0.455
Rwanda,2018,Sub-Saharan Africa,151,3.408,0.332,0.896,0.4,0.636,0.2,0.444
Rwanda,2019,Sub-Saharan Africa,152,3.334,0.359,0.711,0.614,0.555,0.217,0.411
Saudi Arabia,2015,Middle East and Northern Africa,35,6.411,1.395,1.084,0.72,0.31,0.325,0.137
Saudi Arabia,2016,Middle East and Northern Africa,34,6.379,1.49,0.848,0.593,0.379,0.3,0.155
Saudi Arabia,2017,Middle East and Northern Africa,37,6.344,1.531,1.287,0.59,0.45,0.148,0.273
Saudi Arabia,2018,Middle East and Northern Africa,33,6.371,1.379,1.331,0.633,0.509,0.098,0.127
Saudi Arabia,2019,Middle East and Northern Africa,28,6.375,1.403,1.357,0.795,0.439,0.08,0.132
Senegal,2015,Sub-Saharan Africa,142,3.904,0.365,0.976,0.435,0.368,0.107,0.208
Senegal,2016,Sub-Saharan Africa,128,4.219,0.443,0.774,0.405,0.311,0.117,0.191
Senegal,2017,Sub-Saharan Africa,115,4.535,0.479,1.18,0.409,0.378,0.183,0.115
Senegal,2018,Sub-Saharan Africa,109,4.631,0.429,1.117,0.433,0.406,0.138,0.082
Senegal,2019,Sub-Saharan Africa,111,4.681,0.45,1.134,0.571,0.292,0.153,0.072
Serbia,2015,Central and Eastern Europe,87,5.123,0.921,1.01,0.748,0.201,0.026,0.192
Serbia,2016,Central and Eastern Europe,86,5.177,1.034,0.813,0.646,0.157,0.043,0.207
Serbia,2017,Central and Eastern Europe,73,5.395,1.069,1.258,0.651,0.209,0.22,0.041
Serbia,2018,Central and Eastern Europe,78,5.398,0.975,1.369,0.685,0.288,0.134,0.043
Serbia,2019,Central and Eastern Europe,70,5.603,1.004,1.383,0.854,0.282,0.137,0.039
Sierra Leone,2015,Sub-Saharan Africa,123,4.507,0.33,0.956,0,0.408,0.088,0.215
Sierra Leone,2016,Sub-Saharan Africa,111,4.635,0.365,0.628,0,0.307,0.082,0.239
Sierra Leone,2017,Sub-Saharan Africa,106,4.709,0.368,0.984,0.006,0.319,0.293,0.071
Sierra Leone,2018,Sub-Saharan Africa,113,4.571,0.256,0.813,0,0.355,0.238,0.053
Sierra Leone,2019,Sub-Saharan Africa,129,4.374,0.268,0.841,0.242,0.309,0.252,0.045
Singapore,2015,Southeastern Asia,24,6.798,1.522,1.02,1.025,0.543,0.492,0.311
Singapore,2016,Southeastern Asia,22,6.739,1.646,0.868,0.947,0.488,0.47,0.327
Singapore,2017,Southeastern Asia,26,6.572,1.692,1.354,0.949,0.55,0.346,0.464
Singapore,2018,Southeastern Asia,34,6.343,1.529,1.451,1.008,0.631,0.261,0.457
Singapore,2019,Southeastern Asia,34,6.262,1.572,1.463,1.141,0.556,0.271,0.453
Slovakia,2015,Central and Eastern Europe,45,5.995,1.169,1.27,0.789,0.318,0.034,0.169
Slovakia,2016,Central and Eastern Europe,45,6.078,1.28,1.083,0.704,0.234,0.029,0.138
Slovakia,2017,Central and Eastern Europe,40,6.098,1.325,1.505,0.713,0.296,0.137,0.024
Slovakia,2018,Central and Eastern Europe,39,6.173,1.21,1.537,0.776,0.354,0.118,0.014
Slovakia,2019,Central and Eastern Europe,38,6.198,1.246,1.504,0.881,0.334,0.121,0.014
Slovenia,2015,Central and Eastern Europe,55,5.848,1.185,1.274,0.873,0.609,0.038,0.253
Slovenia,2016,Central and Eastern Europe,63,5.768,1.299,1.056,0.792,0.532,0.036,0.257
Slovenia,2017,Central and Eastern Europe,62,5.758,1.341,1.453,0.791,0.573,0.243,0.045
Slovenia,2018,Central and Eastern Europe,51,5.948,1.219,1.506,0.856,0.633,0.16,0.051
Slovenia,2019,Central and Eastern Europe,44,6.118,1.258,1.523,0.953,0.564,0.144,0.057
Somalia,2015,Sub-Saharan Africa,N/A,N/A,N/A,N/A,N/A,N/A,N/A,N/A
Somalia,2016,Sub-Saharan Africa,76,5.44,0,0.336,0.115,0.568,0.312,0.272
Somalia,2017,Sub-Saharan Africa,93,5.151,0.023,0.721,0.114,0.602,0.292,0.282
Somalia,2018,Sub-Saharan Africa,98,4.982,0,0.712,0.115,0.674,0.238,0.282
Somalia,2019,Sub-Saharan Africa,112,4.668,0,0.698,0.268,0.559,0.243,0.27
Somaliland,2015,Sub-Saharan Africa,91,5.057,0.188,0.952,0.439,0.466,0.399,0.503
Somaliland,2016,Sub-Saharan Africa,97,5.057,0.256,0.759,0.331,0.391,0.368,0.515
Somaliland,2017,Sub-Saharan Africa,N/A,N/A,N/A,N/A,N/A,N/A,N/A,N/A
Somaliland,2018,Sub-Saharan Africa,N/A,N/A,N/A,N/A,N/A,N/A,N/A,N/A
Somaliland,2019,Sub-Saharan Africa,N/A,N/A,N/A,N/A,N/A,N/A,N/A,N/A
South Africa,2015,Sub-Saharan Africa,113,4.642,0.92,1.185,0.277,0.332,0.089,0.12
South Africa,2016,Sub-Saharan Africa,116,4.459,1.024,0.961,0.186,0.425,0.084,0.137
South Africa,2017,Sub-Saharan Africa,101,4.829,1.055,1.385,0.187,0.479,0.139,0.073
South Africa,2018,Sub-Saharan Africa,105,4.724,0.94,1.41,0.33,0.516,0.103,0.056
South Africa,2019,Sub-Saharan Africa,106,4.722,0.96,1.351,0.469,0.389,0.13,0.055
South Sudan,2015,Sub-Saharan Africa,N/A,N/A,N/A,N/A,N/A,N/A,N/A,N/A
South Sudan,2016,Sub-Saharan Africa,143,3.832,0.394,0.185,0.158,0.197,0.13,0.259
South Sudan,2017,Sub-Saharan Africa,147,3.591,0.397,0.601,0.163,0.147,0.286,0.117
South Sudan,2018,Sub-Saharan Africa,154,3.254,0.337,0.608,0.177,0.112,0.224,0.106
South Sudan,2019,Sub-Saharan Africa,156,2.853,0.306,0.575,0.295,0.01,0.202,0.091
Spain,2015,Western Europe,36,6.329,1.23,1.314,0.956,0.46,0.064,0.182
Spain,2016,Western Europe,37,6.361,1.343,1.129,0.879,0.375,0.061,0.177
Spain,2017,Western Europe,34,6.403,1.384,1.532,0.889,0.409,0.19,0.071
Spain,2018,Western Europe,36,6.31,1.251,1.538,0.965,0.449,0.142,0.074
Spain,2019,Western Europe,30,6.354,1.286,1.484,1.062,0.362,0.153,0.079
Sri Lanka,2015,Southern Asia,132,4.271,0.835,1.019,0.708,0.537,0.092,0.408
Sri Lanka,2016,Southern Asia,117,4.415,0.973,0.848,0.62,0.508,0.08,0.47
Sri Lanka,2017,Southern Asia,120,4.44,1.01,1.26,0.625,0.561,0.491,0.074
Sri Lanka,2018,Southern Asia,116,4.471,0.918,1.314,0.672,0.585,0.307,0.05
Sri Lanka,2019,Southern Asia,130,4.366,0.949,1.265,0.831,0.47,0.244,0.047
Sudan,2015,Sub-Saharan Africa,118,4.55,0.521,1.014,0.369,0.101,0.147,0.191
Sudan,2016,Sub-Saharan Africa,133,4.139,0.631,0.819,0.298,0,0.1,0.181
Sudan,2017,Sub-Saharan Africa,130,4.139,0.66,1.214,0.291,0.015,0.182,0.09
Sudan,2018,Sub-Saharan Africa,137,4.139,0.605,1.24,0.312,0.016,0.134,0.082
Sudan,2019,Sub-Saharan Africa,N/A,N/A,N/A,N/A,N/A,N/A,N/A,N/A
Suriname,2015,Latin America and Caribbean,40,6.269,0.995,0.972,0.608,0.597,0.136,0.17
Suriname,2016,Latin America and Caribbean,40,6.269,1.097,0.779,0.509,0.522,0.127,0.167
Suriname,2017,Latin America and Caribbean,N/A,N/A,N/A,N/A,N/A,N/A,N/A,N/A
Suriname,2018,Latin America and Caribbean,N/A,N/A,N/A,N/A,N/A,N/A,N/A,N/A
Suriname,2019,Latin America and Caribbean,N/A,N/A,N/A,N/A,N/A,N/A,N/A,N/A
Swaziland,2015,Sub-Saharan Africa,101,4.867,0.712,1.073,0.076,0.307,0.031,0.183
Swaziland,2016,Sub-Saharan Africa,N/A,N/A,N/A,N/A,N/A,N/A,N/A,N/A
Swaziland,2017,Sub-Saharan Africa,N/A,N/A,N/A,N/A,N/A,N/A,N/A,N/A
Swaziland,2018,Sub-Saharan Africa,N/A,N/A,N/A,N/A,N/A,N/A,N/A,N/A
Swaziland,2019,Sub-Saharan Africa,135,4.212,0.811,1.149,0,0.313,0.074,0.135
Sweden,2015,Western Europe,8,7.364,1.332,1.289,0.911,0.66,0.438,0.363
Sweden,2016,Western Europe,10,7.291,1.452,1.088,0.831,0.582,0.409,0.383
Sweden,2017,Western Europe,9,7.284,1.494,1.478,0.831,0.613,0.385,0.384
Sweden,2018,Western Europe,9,7.314,1.355,1.501,0.913,0.659,0.285,0.383
Sweden,2019,Western Europe,7,7.343,1.387,1.487,1.009,0.574,0.267,0.373
Switzerland,2015,Western Europe,1,7.587,1.397,1.35,0.941,0.666,0.42,0.297
Switzerland,2016,Western Europe,2,7.509,1.527,1.145,0.863,0.586,0.412,0.281
Switzerland,2017,Western Europe,4,7.494,1.565,1.517,0.858,0.62,0.291,0.367
Switzerland,2018,Western Europe,5,7.487,1.42,1.549,0.927,0.66,0.256,0.357
Switzerland,2019,Western Europe,6,7.48,1.452,1.526,1.052,0.572,0.263,0.343
Syria,2015,Middle East and Northern Africa,156,3.006,0.663,0.475,0.722,0.157,0.189,0.472
Syria,2016,Middle East and Northern Africa,156,3.069,0.747,0.149,0.63,0.069,0.172,0.484
Syria,2017,Middle East and Northern Africa,152,3.462,0.777,0.396,0.501,0.082,0.494,0.151
Syria,2018,Middle East and Northern Africa,150,3.462,0.689,0.382,0.539,0.088,0.376,0.144
Syria,2019,Middle East and Northern Africa,149,3.462,0.619,0.378,0.44,0.013,0.331,0.141
Taiwan,2015,Eastern Asia,38,6.298,1.291,1.076,0.875,0.397,0.081,0.254
Taiwan,2016,Eastern Asia,34,6.379,1.397,0.926,0.796,0.324,0.066,0.255
Taiwan,2018,Eastern Asia,26,6.441,1.365,1.436,0.857,0.418,0.151,0.078
Taiwan,2019,Eastern Asia,25,6.446,1.368,1.43,0.914,0.351,0.242,0.097
Taiwan ,2017,Eastern Asia,33,6.422,1.434,1.385,0.794,0.361,0.258,0.064
Tajikistan,2015,Central and Eastern Europe,106,4.786,0.39,0.856,0.574,0.472,0.151,0.23
Tajikistan,2016,Central and Eastern Europe,100,4.996,0.488,0.756,0.531,0.434,0.135,0.26
Tajikistan,2017,Central and Eastern Europe,96,5.041,0.525,1.271,0.529,0.472,0.249,0.146
Tajikistan,2018,Central and Eastern Europe,88,5.199,0.474,1.166,0.598,0.292,0.187,0.034
Tajikistan,2019,Central and Eastern Europe,74,5.467,0.493,1.098,0.718,0.389,0.23,0.144
Tanzania,2015,Sub-Saharan Africa,146,3.781,0.285,1.003,0.382,0.329,0.057,0.344
Tanzania,2016,Sub-Saharan Africa,149,3.666,0.472,0.776,0.357,0.318,0.051,0.315
Tanzania,2017,Sub-Saharan Africa,153,3.349,0.511,1.042,0.365,0.39,0.354,0.066
Tanzania,2018,Sub-Saharan Africa,153,3.303,0.455,0.991,0.381,0.481,0.27,0.097
Tanzania,2019,Sub-Saharan Africa,153,3.231,0.476,0.885,0.499,0.417,0.276,0.147
Thailand,2015,Southeastern Asia,34,6.455,0.967,1.265,0.739,0.557,0.032,0.576
Thailand,2016,Southeastern Asia,33,6.474,1.089,1.045,0.649,0.496,0.028,0.587
Thailand,2017,Southeastern Asia,32,6.424,1.128,1.426,0.647,0.58,0.572,0.032
Thailand,2018,Southeastern Asia,46,6.072,1.016,1.417,0.707,0.637,0.364,0.029
Thailand,2019,Southeastern Asia,52,6.008,1.05,1.409,0.828,0.557,0.359,0.028
Togo,2015,Sub-Saharan Africa,158,2.839,0.209,0.14,0.284,0.365,0.107,0.167
Togo,2016,Sub-Saharan Africa,155,3.303,0.281,0,0.248,0.347,0.116,0.175
Togo,2017,Sub-Saharan Africa,150,3.495,0.305,0.432,0.247,0.38,0.197,0.096
Togo,2018,Sub-Saharan Africa,139,3.999,0.259,0.474,0.253,0.434,0.158,0.101
Togo,2019,Sub-Saharan Africa,139,4.085,0.275,0.572,0.41,0.293,0.177,0.085
Trinidad and Tobago,2015,Latin America and Caribbean,41,6.168,1.212,1.184,0.615,0.559,0.011,0.318
Trinidad and Tobago,2016,Latin America and Caribbean,43,6.168,1.326,0.986,0.526,0.485,0.012,0.319
Trinidad and Tobago,2017,Latin America and Caribbean,38,6.168,1.361,1.38,0.52,0.519,0.325,0.009
Trinidad and Tobago,2018,Latin America and Caribbean,38,6.192,1.223,1.492,0.564,0.575,0.171,0.019
Trinidad and Tobago,2019,Latin America and Caribbean,39,6.192,1.231,1.477,0.713,0.489,0.185,0.016
Tunisia,2015,Middle East and Northern Africa,107,4.739,0.881,0.604,0.738,0.263,0.064,0.064
Tunisia,2016,Middle East and Northern Africa,98,5.045,0.977,0.432,0.596,0.236,0.082,0.039
Tunisia,2017,Middle East and Northern Africa,102,4.805,1.007,0.868,0.613,0.29,0.05,0.087
Tunisia,2018,Middle East and Northern Africa,111,4.592,0.9,0.906,0.69,0.271,0.04,0.063
Tunisia,2019,Middle East and Northern Africa,124,4.461,0.921,1,0.815,0.167,0.059,0.055
Turkey,2015,Middle East and Northern Africa,76,5.332,1.061,0.946,0.732,0.228,0.157,0.123
Turkey,2016,Middle East and Northern Africa,78,5.389,1.165,0.877,0.647,0.239,0.123,0.047
Turkey,2017,Middle East and Northern Africa,69,5.5,1.198,1.338,0.638,0.301,0.047,0.1
Turkey,2018,Middle East and Northern Africa,74,5.483,1.148,1.38,0.686,0.324,0.106,0.109
Turkey,2019,Middle East and Northern Africa,79,5.373,1.183,1.36,0.808,0.195,0.083,0.106
Turkish Republic of Northern Cyprus,2015,Western Europe,66,5.695,1.208,1.07,0.924,0.49,0.143,0.262
Turkish Republic of Northern Cyprus,2016,Western Europe,62,5.771,1.311,0.818,0.841,0.436,0.166,0.263
Turkish Republic of Northern Cyprus,2017,Western Europe,61,5.81,1.347,1.186,0.835,0.471,0.267,0.155
Turkish Republic of Northern Cyprus,2018,Western Europe,58,5.835,1.229,1.211,0.909,0.495,0.179,0.154
Turkish Republic of Northern Cyprus,2019,Western Europe,64,5.718,1.263,1.252,1.042,0.417,0.191,0.162
Turkmenistan,2015,Central and Eastern Europe,70,5.548,0.958,1.227,0.539,0.476,0.308,0.17
Turkmenistan,2016,Central and Eastern Europe,65,5.658,1.08,1.038,0.44,0.374,0.285,0.226
Turkmenistan,2017,Central and Eastern Europe,59,5.822,1.131,1.493,0.438,0.418,0.25,0.259
Turkmenistan,2018,Central and Eastern Europe,68,5.636,1.016,1.533,0.517,0.417,0.199,0.037
Turkmenistan,2019,Central and Eastern Europe,87,5.247,1.052,1.538,0.657,0.394,0.244,0.028
Uganda,2015,Sub-Saharan Africa,141,3.931,0.211,1.133,0.339,0.457,0.073,0.291
Uganda,2016,Sub-Saharan Africa,145,3.739,0.347,0.91,0.196,0.437,0.064,0.271
Uganda,2017,Sub-Saharan Africa,133,4.081,0.381,1.13,0.218,0.443,0.326,0.057
Uganda,2018,Sub-Saharan Africa,135,4.161,0.322,1.09,0.237,0.45,0.259,0.061
Uganda,2019,Sub-Saharan Africa,136,4.189,0.332,1.069,0.443,0.356,0.252,0.06
Ukraine,2015,Central and Eastern Europe,111,4.681,0.799,1.203,0.674,0.251,0.03,0.153
Ukraine,2016,Central and Eastern Europe,123,4.324,0.873,1.014,0.586,0.129,0.018,0.204
Ukraine,2017,Central and Eastern Europe,132,4.096,0.895,1.395,0.576,0.123,0.27,0.023
Ukraine,2018,Central and Eastern Europe,138,4.103,0.793,1.413,0.609,0.163,0.187,0.011
Ukraine,2019,Central and Eastern Europe,133,4.332,0.82,1.39,0.739,0.178,0.187,0.01
United Arab Emirates,2015,Middle East and Northern Africa,20,6.901,1.427,1.126,0.809,0.642,0.386,0.264
United Arab Emirates,2016,Middle East and Northern Africa,28,6.573,1.574,0.871,0.73,0.562,0.356,0.266
United Arab Emirates,2017,Middle East and Northern Africa,21,6.648,1.626,1.266,0.727,0.608,0.361,0.324
United Arab Emirates,2018,Middle East and Northern Africa,20,6.774,2.096,0.776,0.67,0.284,0.186,N/A
United Arab Emirates,2019,middle East and Northern Africa,21,6.825,1.503,1.31,0.825,0.598,0.262,0.182
United Kingdom,2015,Western Europe,21,6.867,1.266,1.285,0.909,0.596,0.321,0.519
United Kingdom,2016,Western Europe,23,6.725,1.403,1.087,0.81,0.5,0.274,0.502
United Kingdom,2017,Western Europe,19,6.714,1.442,1.496,0.805,0.508,0.493,0.265
United Kingdom,2018,Western Europe,11,7.19,1.244,1.433,0.888,0.464,0.262,0.082
United Kingdom,2019,Western Europe,15,7.054,1.333,1.538,0.996,0.45,0.348,0.278
United States of America,2015,North America,15,7.119,1.395,1.247,0.862,0.546,0.159,0.401
United States of America,2016,North America,13,7.104,1.508,1.048,0.779,0.482,0.149,0.411
United States of America,2017,North America,14,6.993,1.546,1.42,0.774,0.506,0.393,0.136
United States of America,2018,North America,18,6.886,1.398,1.471,0.819,0.547,0.291,0.133
United States of America,2019,North America,19,6.892,1.433,1.457,0.874,0.454,0.28,0.128
Uruguay,2015,Latin America and Caribbean,32,6.485,1.062,1.209,0.812,0.604,0.246,0.232
Uruguay,2016,Latin America and Caribbean,29,6.545,1.182,1.031,0.722,0.544,0.214,0.181
Uruguay,2017,Latin America and Caribbean,28,6.454,1.218,1.412,0.719,0.579,0.175,0.178
Uruguay,2018,Latin America and Caribbean,31,6.379,1.093,1.459,0.771,0.625,0.13,0.155
Uruguay,2019,Latin America and Caribbean,33,6.293,1.124,1.465,0.891,0.523,0.127,0.15
Uzbekistan,2015,Central and Eastern Europe,44,6.003,0.632,1.34,0.598,0.658,0.308,0.228
Uzbekistan,2016,Central and Eastern Europe,49,5.987,0.736,1.168,0.502,0.608,0.283,0.343
Uzbekistan,2017,Central and Eastern Europe,47,5.971,0.786,1.549,0.498,0.658,0.416,0.247
Uzbekistan,2018,Central and Eastern Europe,44,6.096,0.719,1.584,0.605,0.724,0.328,0.259
Uzbekistan,2019,Central and Eastern Europe,41,6.174,0.745,1.529,0.756,0.631,0.322,0.24
Venezuela,2015,Latin America and Caribbean,23,6.81,1.044,1.256,0.721,0.429,0.111,0.058
Venezuela,2016,Latin America and Caribbean,44,6.084,1.134,1.033,0.619,0.198,0.083,0.043
Venezuela,2017,Latin America and Caribbean,82,5.25,1.128,1.431,0.617,0.154,0.065,0.064
Venezuela,2018,Latin America and Caribbean,102,4.806,0.996,1.469,0.657,0.133,0.056,0.052
Venezuela,2019,Latin America and Caribbean,108,4.707,0.96,1.427,0.805,0.154,0.064,0.047
Vietnam,2015,Southeastern Asia,75,5.36,0.632,0.912,0.747,0.594,0.104,0.169
Vietnam,2016,Southeastern Asia,96,5.061,0.74,0.791,0.662,0.56,0.116,0.251
Vietnam,2017,Southeastern Asia,94,5.074,0.789,1.277,0.652,0.571,0.235,0.088
Vietnam,2018,Southeastern Asia,95,5.103,0.715,1.365,0.702,0.618,0.177,0.079
Vietnam,2019,Southeastern Asia,94,5.175,0.741,1.346,0.851,0.543,0.147,0.073
Yemen,2015,Middle East and Northern Africa,136,4.077,0.546,0.681,0.401,0.356,0.079,0.091
Yemen,2016,Middle East and Northern Africa,147,3.724,0.579,0.475,0.31,0.229,0.059,0.098
Yemen,2017,Middle East and Northern Africa,146,3.593,0.592,0.935,0.31,0.249,0.104,0.057
Yemen,2018,Middle East and Northern Africa,152,3.355,0.442,1.073,0.343,0.244,0.083,0.064
Yemen,2019,Middle East and Northern Africa,151,3.38,0.287,1.163,0.463,0.143,0.108,0.077
Zambia,2015,Sub-Saharan Africa,85,5.129,0.47,0.916,0.299,0.488,0.125,0.196
Zambia,2016,Sub-Saharan Africa,106,4.795,0.612,0.638,0.236,0.427,0.115,0.179
Zambia,2017,Sub-Saharan Africa,116,4.514,0.636,1.003,0.258,0.462,0.25,0.078
Zambia,2018,Sub-Saharan Africa,125,4.377,0.562,1.047,0.295,0.503,0.221,0.082
Zambia,2019,Sub-Saharan Africa,138,4.107,0.578,1.058,0.426,0.431,0.247,0.087
Zimbabwe,2015,Sub-Saharan Africa,115,4.61,0.271,1.033,0.335,0.259,0.081,0.19
Zimbabwe,2016,Sub-Saharan Africa,131,4.193,0.35,0.715,0.16,0.254,0.086,0.185
Zimbabwe,2017,Sub-Saharan Africa,138,3.875,0.376,1.083,0.197,0.336,0.189,0.095
Zimbabwe,2018,Sub-Saharan Africa,144,3.692,0.357,1.094,0.248,0.406,0.132,0.099
Zimbabwe,2019,Sub-Saharan Africa,146,3.663,0.366,1.114,0.433,0.361,0.151,0.089
